{
  "valor": 1000.000000000000000,
  "limite": 100000000.000000000000000,
  "limiteDisponivel": 99999000.000000000000000
}